Switch,Port,Value,Min,Max
node-201,eth1/3,22.520000,22.520000,22.520000
node-201,eth1/3,22.520000,22.520000,22.520000
node-201,eth1/3,25.210000,22.520000,25.210000
node-201,eth1/3,19.740000,19.740000,25.210000
node-201,eth1/3,23.410000,19.740000,25.210000
